Description,UnitPrice,Rank
1043,781.5878571,30
2405,649.5,29
882,496.3408333,28
2140,334.6764688,27
3571,156.1111111,26
2898,154.5238095,26
3621,145.5882353,26
2782,145,26
692,118.3333333,25
1942,111.3709677,25
1066,87.60673469,25
2933,65,24
944,59.95,24
3617,52.77,24
634,50.18367347,23
1548,49.95,23
457,49.95,23
781,45.36428571,23
2523,42.95,23
924,39.95,22
2001,39.59285714,22
1366,39.15,22
3146,38.98614458,22
1702,37.85,22
56,35.60384615,22
2624,33.21672619,22
3212,29.95,22
3763,29.95,22
609,29.95,22
3638,27.4625,22
2904,24.95,21
691,24.45,21
660,24.2,21
572,24.10625,21
516,24.10454545,21
571,21.57,21
1337,21.08666667,21
3543,20.736,21
3401,19.95,20
2853,19.725,20
2960,19.14148936,20
124,18.95,20
1182,18.77608696,20
874,18.28333333,20
693,17.14903226,20
3892,16.95,19
3442,16.95,19
1360,16.95,19
3390,16.95,19
3187,16.7,19
9,16.55,19
995,16.4983871,19
783,16.48623188,19
1685,16.48488372,19
536,16.46732283,19
3771,16.38362319,19
186,16.36090909,19
539,16.30551351,19
538,16.196625,19
537,16.15755556,19
31,15.95,19
870,15.95,19
32,15.67763158,19
3784,15.1212963,19
2194,15,19
540,14.95,18
1429,14.95,18
3359,14.95,18
1111,14.95,18
994,14.95,18
2071,14.88714286,18
1968,14.84846154,18
54,14.8384,18
5,14.8275,18
897,14.73,18
55,14.6512381,18
3502,14.51,18
2959,14.3712,18
3775,14.21638554,18
2993,13.68923077,18
2162,13.26333333,18
15,13.04071429,18
3551,13.00361446,18
570,12.85728571,17
180,12.75,17
1940,12.75,17
2655,12.75,17
2992,12.75,17
3130,12.75,17
2991,12.75,17
2494,12.75,17
2156,12.75,17
1932,12.75,17
1790,12.75,17
2115,12.75,17
631,12.75,17
364,12.75,17
873,12.75,17
3689,12.71470588,17
2994,12.69857143,17
2995,12.66818182,17
3533,12.66290323,17
1137,12.65248927,17
3007,12.64672131,17
871,12.61098507,17
2990,12.6,17
577,12.55273973,17
1850,12.5,17
1994,12.5,17
1712,12.5,17
993,12.5,17
1826,12.5,17
1883,12.5,17
1846,12.45846154,17
3496,12.45612245,17
1827,12.45571429,17
3581,12.45035294,17
487,12.45,17
2780,12.43814241,17
1824,12.42954545,17
3360,12.42222222,17
1825,12.42051282,17
1387,12.40581395,17
1412,12.38559322,17
1823,12.37083333,17
1828,12.34102564,17
2353,12.325,17
1699,12.29677419,17
1832,12.275,17
198,12.246875,17
802,12.19505,17
1683,12,17
2645,11.95,17
154,11.95,17
1871,11.95,17
3169,11.85566038,17
3696,11.78636364,17
342,11.78636364,17
531,11.11976471,17
1995,11.03611111,17
3388,10.99,16
2910,10.95,16
2736,10.85951662,16
2382,10.75,16
3432,10.75,16
545,10.73333333,16
3691,10.61666667,16
2116,10.55,16
3437,10.44428571,16
1728,10.29583333,16
1996,10.25,16
3772,10.04506494,16
193,10.02280702,16
2169,10.01008621,16
964,9.976666667,15
839,9.96,15
3208,9.95,15
778,9.95,15
2641,9.95,15
3640,9.95,15
1464,9.95,15
1511,9.95,15
450,9.95,15
2114,9.95,15
389,9.95,15
2516,9.95,15
3220,9.95,15
2303,9.95,15
587,9.95,15
2520,9.95,15
3223,9.95,15
3172,9.95,15
2909,9.95,15
3396,9.933888889,15
1791,9.928358209,15
3873,9.916818182,15
2819,9.907352941,15
3394,9.898484848,15
2401,9.896296296,15
3404,9.879666667,15
3688,9.876390977,15
3407,9.859375,15
2750,9.858163265,15
1177,9.856907216,15
482,9.842,15
3504,9.84,15
1302,9.839230769,15
3398,9.837596899,15
3635,9.821410256,15
3006,9.820340909,15
3583,9.796341463,15
2730,9.783333333,15
1717,9.780188679,15
838,9.778235294,15
2406,9.771421053,15
3782,9.766027397,15
3751,9.760171821,15
3139,9.759565217,15
6,9.754901961,15
650,9.751984127,15
713,9.745925926,15
835,9.741428571,15
544,9.735142857,15
3230,9.718181818,15
3423,9.713333333,15
2866,9.702439024,15
714,9.656441718,15
979,9.655660377,15
2790,9.62462406,15
3199,9.319473684,15
1245,9.22,15
3463,9.214827586,15
1836,9.107115385,15
579,8.990789474,14
350,8.95,14
161,8.95,14
3711,8.95,14
363,8.95,14
2030,8.95,14
160,8.95,14
687,8.95,14
10,8.95,14
153,8.95,14
391,8.95,14
436,8.95,14
1882,8.95,14
353,8.95,14
3451,8.95,14
2192,8.95,14
43,8.947538462,14
3453,8.940789474,14
1244,8.832352941,14
2505,8.784166667,14
2580,8.784,14
1024,8.77686747,14
3042,8.738235294,14
3773,8.727777778,14
1016,8.704642857,14
1709,8.617330416,14
3765,8.569259259,14
3585,8.537307692,14
368,8.522279412,14
2702,8.516462585,14
580,8.501639344,14
386,8.5,14
1424,8.5,14
1423,8.5,14
1422,8.5,14
1421,8.5,14
2154,8.5,14
1478,8.5,14
3225,8.5,14
2152,8.5,14
2155,8.5,14
181,8.5,14
2160,8.5,14
354,8.5,14
3743,8.5,14
581,8.5,14
3399,8.5,14
420,8.494577778,14
2068,8.492201835,14
3632,8.4833213,14
1701,8.458823529,14
750,8.443455497,14
2460,8.442567568,14
712,8.433214286,14
2977,8.426650943,14
1026,8.417234043,14
1507,8.387752809,14
2717,8.386803519,14
2070,8.38,14
1176,8.379023256,14
3424,8.361111111,14
47,8.355922747,14
3192,8.352666667,14
2211,8.341525424,14
1433,8.334722222,14
1705,8.29,14
3405,8.267272727,14
2721,8.265063291,14
2688,8.25,14
841,8.25,14
3529,8.25,14
3528,8.25,14
3527,8.25,14
1508,8.25,14
842,8.25,14
3525,8.25,14
3600,8.25,14
3599,8.25,14
3270,8.25,14
3258,8.25,14
3526,8.25,14
2687,8.24338843,14
2684,8.243333333,14
2685,8.240243902,14
2683,8.234158416,14
2686,8.230952381,14
553,8.193396226,14
3250,8.17,14
483,8.15,14
1718,8.15,14
2731,8.15,14
3659,8.105903614,14
1035,8.084835165,14
1028,8.076315789,14
98,8.038089888,14
111,8.033636364,14
3652,8.033181818,14
901,8.027777778,14
1849,8.011530612,14
3552,8.005619048,14
1020,7.988168605,13
1022,7.983,13
1032,7.968455882,13
1037,7.958531073,13
3406,7.95,13
2506,7.95,13
3741,7.95,13
927,7.95,13
3856,7.95,13
3864,7.95,13
2196,7.95,13
1262,7.95,13
2575,7.95,13
1260,7.95,13
1258,7.95,13
1259,7.95,13
872,7.95,13
2765,7.95,13
3123,7.95,13
2680,7.95,13
1352,7.95,13
1261,7.95,13
1257,7.95,13
490,7.95,13
422,7.95,13
2703,7.95,13
1540,7.95,13
3541,7.936446281,13
2884,7.927214286,13
2885,7.924189944,13
1788,7.920625,13
1038,7.913484848,13
1031,7.912886598,13
1023,7.906461864,13
1039,7.900769231,13
1021,7.896331658,13
3342,7.894444444,13
1019,7.881857143,13
1030,7.861395349,13
2158,7.859090909,13
3651,7.85,13
1018,7.842555556,13
945,7.840909091,13
2533,7.833870968,13
2759,7.820689655,13
1831,7.80787234,13
1013,7.805789474,13
1014,7.804299065,13
3666,7.800576923,13
1033,7.792865169,13
1027,7.787786885,13
220,7.784756554,13
1017,7.77492,13
3760,7.769230769,13
1015,7.7515625,13
2741,7.75,13
30,7.75,13
1445,7.75,13
1543,7.747631579,13
1029,7.734816626,13
471,7.726744186,13
1034,7.722752294,13
1025,7.710980392,13
3389,7.689130435,13
1036,7.6875,13
1605,7.65,13
3687,7.65,13
2563,7.65,13
1651,7.616666667,13
3678,7.592857143,13
1870,7.59,13
2926,7.566666667,13
751,7.539673913,13
3764,7.511041162,13
2795,7.5,13
2544,7.5,13
3179,7.5,13
2897,7.5,13
796,7.5,13
3186,7.5,13
2284,7.5,13
966,7.5,13
968,7.5,13
965,7.5,13
967,7.5,13
2351,7.475290698,13
2350,7.450364964,13
1757,7.45,13
1616,7.436415094,13
584,7.361666667,13
3668,7.334,13
1739,7.25,13
3894,7.175,13
3747,7.086538462,13
3736,7.061666667,13
3631,7.01475,13
2793,6.95,12
3271,6.95,12
2034,6.95,12
2644,6.95,12
2697,6.95,12
3519,6.95,12
417,6.95,12
856,6.95,12
855,6.95,12
3650,6.95,12
2564,6.95,12
2438,6.95,12
3438,6.95,12
1140,6.941304348,12
3193,6.93,12
1462,6.901,12
915,6.895945946,12
3200,6.87,12
1539,6.7875,12
253,6.78060241,12
2941,6.762702703,12
500,6.75,12
346,6.75,12
2449,6.75,12
3345,6.75,12
1860,6.75,12
1840,6.75,12
3744,6.75,12
2379,6.75,12
385,6.75,12
3702,6.75,12
1730,6.75,12
2398,6.723066667,12
3762,6.717783784,12
2940,6.706363636,12
2410,6.689454545,12
779,6.680434783,12
3656,6.666901408,12
3403,6.660681818,12
336,6.653448276,12
2335,6.65,12
334,6.633956044,12
2336,6.609090909,12
1320,6.591304348,12
3440,6.587857143,12
3860,6.428030303,12
3346,6.4275,12
3672,6.424285714,12
3628,6.404545455,12
1690,6.384782609,12
3584,6.381704545,12
2654,6.378571429,12
94,6.35,12
3877,6.35,12
3603,6.35,12
956,6.35,12
957,6.35,12
91,6.35,12
955,6.35,12
3601,6.35,12
506,6.35,12
2868,6.35,12
93,6.35,12
3602,6.35,12
3697,6.35,12
3615,6.35,12
3216,6.292857143,12
3883,6.277293233,12
1721,6.25,12
2338,6.25,12
1225,6.25,12
883,6.25,12
1095,6.25,12
2339,6.25,12
620,6.218148148,12
1918,6.2025,12
2380,6.177,12
3171,6.168225806,12
1665,6.164237288,12
582,6.13125,12
2981,6.110513834,12
953,6.101948052,12
905,6.097857143,12
2760,6.083917051,12
327,6.068333333,12
390,6.065604396,12
133,6.057310924,12
2168,6.04952381,12
2899,6.046666667,12
283,6.033316327,12
1933,6.017758621,12
1654,6.006332046,12
132,6.005555556,12
434,5.994796748,11
1094,5.953764045,11
1704,5.95,11
2872,5.95,11
3198,5.95,11
1806,5.95,11
435,5.95,11
2432,5.95,11
3596,5.95,11
361,5.95,11
3649,5.95,11
2674,5.95,11
2027,5.95,11
1231,5.95,11
1748,5.95,11
1505,5.95,11
3718,5.95,11
2895,5.95,11
3881,5.95,11
3524,5.95,11
508,5.95,11
509,5.95,11
3539,5.95,11
3224,5.95,11
157,5.95,11
2496,5.95,11
970,5.95,11
840,5.95,11
2524,5.95,11
2519,5.95,11
1082,5.95,11
3781,5.95,11
1861,5.95,11
1093,5.938217822,11
3434,5.933875,11
2732,5.93375,11
3586,5.932758621,11
3634,5.932142857,11
1500,5.928723404,11
3671,5.927358491,11
3787,5.926851852,11
1141,5.921032448,11
3553,5.916,11
2864,5.913434343,11
875,5.909183673,11
3594,5.904545455,11
3654,5.903928571,11
1268,5.900909091,11
1939,5.89637224,11
3674,5.890857143,11
1092,5.888698885,11
1091,5.869851485,11
3732,5.860344828,11
3661,5.85326087,11
532,5.837272727,11
2459,5.828947368,11
2014,5.82,11
2407,5.81627907,11
2079,5.799462366,11
2193,5.79,11
3667,5.767692308,11
3422,5.764285714,11
2333,5.75,11
3655,5.75,11
2330,5.75,11
1839,5.746153846,11
2157,5.725,11
3361,5.724482759,11
2352,5.71972973,11
2342,5.719230769,11
314,5.7124,11
294,5.686842105,11
3555,5.678333333,11
983,5.668947368,11
3269,5.663368421,11
1742,5.55,11
3402,5.55,11
1241,5.525,11
2608,5.505555556,11
592,5.49,11
3341,5.479411765,11
1741,5.467241379,11
3126,5.45,11
836,5.45,11
3024,5.45,11
440,5.439486166,11
1443,5.423684211,11
357,5.42,11
725,5.412513228,11
3715,5.405555556,11
2493,5.4052,11
3302,5.345714286,11
869,5.3315,11
1837,5.258064516,11
3018,5.25,11
3016,5.183333333,11
3188,5.172666667,11
552,5.166598639,11
1286,5.157111111,11
1700,5.114545455,11
1282,5.09862069,11
1851,5.081842105,11
3663,5.04826087,11
2122,5.026923077,11
272,5.004380665,11
2825,4.999679595,10
1200,4.996413043,10
752,4.99446281,10
1444,4.993522727,10
1211,4.993076923,10
1210,4.991513514,10
271,4.988341232,10
1829,4.964387755,10
3575,4.958030888,10
2225,4.956585366,10
2202,4.950443548,10
2613,4.95,10
170,4.95,10
3125,4.95,10
3294,4.95,10
1482,4.95,10
171,4.95,10
172,4.95,10
173,4.95,10
1513,4.95,10
850,4.95,10
904,4.95,10
886,4.95,10
1479,4.95,10
1409,4.95,10
3641,4.95,10
1465,4.95,10
1923,4.95,10
3592,4.95,10
3591,4.95,10
682,4.95,10
3562,4.95,10
1459,4.95,10
1922,4.95,10
3754,4.95,10
2869,4.95,10
3811,4.95,10
3810,4.95,10
3809,4.95,10
3808,4.95,10
3807,4.95,10
3806,4.95,10
1714,4.95,10
1731,4.95,10
3750,4.95,10
2112,4.95,10
1732,4.95,10
2846,4.95,10
3203,4.95,10
3204,4.95,10
3677,4.95,10
1070,4.95,10
2794,4.95,10
1687,4.95,10
1917,4.95,10
1385,4.95,10
3183,4.95,10
2210,4.95,10
991,4.95,10
947,4.95,10
2443,4.95,10
3348,4.95,10
3517,4.95,10
3441,4.95,10
2457,4.95,10
3522,4.95,10
365,4.95,10
397,4.95,10
1243,4.95,10
989,4.95,10
990,4.95,10
952,4.95,10
992,4.95,10
3122,4.95,10
2224,4.95,10
200,4.95,10
3633,4.95,10
1656,4.95,10
2010,4.94953125,10
3025,4.947164179,10
3479,4.944029851,10
912,4.943137255,10
2818,4.943067332,10
2075,4.94,10
1148,4.938333333,10
3014,4.938180751,10
2097,4.936538462,10
2913,4.935818182,10
1138,4.935106383,10
2408,4.93372093,10
1404,4.928947368,10
2779,4.928939394,10
1854,4.9275,10
3855,4.927101449,10
2009,4.926705882,10
415,4.926494845,10
2733,4.925862069,10
3373,4.924820144,10
868,4.924774775,10
2307,4.924210526,10
1381,4.924074074,10
3338,4.92168956,10
1283,4.919565217,10
2695,4.918,10
3609,4.918,10
2699,4.917428571,10
398,4.911111111,10
1658,4.91,10
1287,4.908823529,10
1380,4.903333333,10
11,4.901515152,10
1284,4.9,10
2735,4.899673203,10
3111,4.895402685,10
3547,4.892857143,10
2934,4.889762931,10
3010,4.886363636,10
3012,4.886111111,10
2144,4.881147541,10
732,4.880752475,10
1285,4.88,10
2820,4.878510638,10
2355,4.876171311,10
1132,4.874,10
3637,4.872222222,10
3582,4.865789474,10
3531,4.862580645,10
1488,4.8625,10
2957,4.860160428,10
1677,4.860133843,10
513,4.856976744,10
1676,4.85610951,10
1660,4.856074766,10
1841,4.85,10
1133,4.842307692,10
851,4.836095238,10
3436,4.834009009,10
2507,4.822727273,10
3289,4.81875,10
1830,4.803846154,10
3015,4.759090909,10
2081,4.752,10
3665,4.75,10
563,4.75,10
3669,4.725294118,10
1853,4.725,10
3675,4.714,10
798,4.713636364,10
3211,4.707142857,10
1460,4.703333333,10
2134,4.686,10
3334,4.664482759,10
2069,4.65,10
2723,4.65,10
2212,4.65,10
453,4.65,10
1675,4.65,10
2517,4.65,10
3315,4.65,10
1514,4.65,10
1149,4.64615942,10
2463,4.616666667,10
1674,4.614444444,10
3428,4.60752809,10
3233,4.562345679,10
3530,4.465416667,9
2123,4.45,9
1678,4.45,9
3532,4.446551724,9
1620,4.444032258,9
3676,4.431818182,9
139,4.406536313,9
583,4.401851852,9
797,4.389565217,9
3017,4.375,9
2664,4.37,9
438,4.37,9
477,4.37,9
1234,4.37,9
811,4.368333333,9
1357,4.354301075,9
1202,4.351666667,9
3505,4.347142857,9
1165,4.341666667,9
3725,4.3175,9
575,4.301428571,9
2341,4.295454545,9
514,4.291176471,9
1152,4.29046729,9
1758,4.288245614,9
137,4.272678571,9
930,4.271666667,9
1143,4.263217391,9
1935,4.25,9
382,4.25,9
1247,4.25,9
2632,4.25,9
1220,4.25,9
449,4.25,9
456,4.25,9
2444,4.25,9
2659,4.25,9
3726,4.25,9
3005,4.25,9
352,4.25,9
2867,4.25,9
496,4.25,9
2522,4.25,9
3222,4.25,9
2870,4.25,9
3205,4.25,9
2607,4.25,9
3201,4.25,9
885,4.25,9
138,4.25,9
3184,4.25,9
162,4.25,9
3625,4.25,9
1967,4.25,9
155,4.25,9
1510,4.25,9
189,4.25,9
2084,4.25,9
190,4.25,9
291,4.25,9
255,4.25,9
191,4.25,9
192,4.25,9
1466,4.25,9
3626,4.25,9
3561,4.25,9
982,4.243506494,9
977,4.243243243,9
2095,4.237563025,9
3124,4.23625,9
140,4.231538462,9
526,4.229574468,9
136,4.2265625,9
3131,4.226216216,9
3129,4.225555556,9
2556,4.222222222,9
1522,4.216666667,9
1679,4.2125,9
3004,4.21,9
2748,4.209183673,9
547,4.205645161,9
799,4.205081967,9
1802,4.200793651,9
2427,4.2,9
3779,4.198103448,9
2094,4.195135135,9
1915,4.191894737,9
3646,4.186470588,9
574,4.178125,9
704,4.176204082,9
2876,4.173,9
700,4.172678571,9
1738,4.16758226,9
3168,4.165343511,9
706,4.154196429,9
1571,4.15,9
3450,4.15,9
1090,4.15,9
1001,4.15,9
2337,4.15,9
1045,4.15,9
3332,4.15,9
2334,4.15,9
2332,4.15,9
3049,4.15,9
2093,4.15,9
2092,4.15,9
3797,4.15,9
2340,4.15,9
1799,4.15,9
1798,4.15,9
2331,4.15,9
2980,4.143548387,9
1000,4.143162393,9
2354,4.142307692,9
701,4.141794872,9
2877,4.139705882,9
3331,4.138965517,9
3578,4.138148148,9
3397,4.137857143,9
3796,4.137368421,9
3051,4.135714286,9
2783,4.134467005,9
3,4.134,9
3052,4.134,9
703,4.133609023,9
3054,4.132513661,9
621,4.132083333,9
3053,4.13,9
1869,4.13,9
1428,4.123333333,9
2006,4.12037037,9
702,4.117346939,9
3050,4.116412214,9
800,4.114356436,9
705,4.109746835,9
3339,4.093,9
3643,4.086,9
1838,4.077272727,9
2091,4.07,9
801,4.061111111,9
2118,4.059166667,9
827,4.057837838,9
670,4.056666667,9
295,4.053571429,9
2776,4.05083682,9
1040,4.039032258,9
1535,4.033828571,9
3731,4.010501792,9
123,4.008837209,9
178,4.005416667,9
1813,3.976681223,8
2908,3.975,8
565,3.962,8
1375,3.962,8
630,3.955333333,8
1502,3.95,8
3616,3.95,8
807,3.95,8
2775,3.95,8
2005,3.95,8
1426,3.95,8
3546,3.948133333,8
1353,3.943548387,8
1354,3.940344828,8
777,3.9355,8
2709,3.925084746,8
1401,3.9196875,8
3089,3.918522484,8
1553,3.908333333,8
1417,3.904383562,8
1266,3.887407407,8
1416,3.884193548,8
3055,3.881496063,8
1411,3.881376147,8
688,3.875762712,8
2195,3.872592593,8
865,3.868805031,8
694,3.86705,8
461,3.8659375,8
1652,3.862666667,8
3088,3.858915663,8
1498,3.856,8
1418,3.852985075,8
3286,3.845862069,8
3044,3.84,8
1042,3.836608187,8
2479,3.83627907,8
318,3.828271028,8
2597,3.825714286,8
2797,3.825,8
1453,3.822826087,8
861,3.822168675,8
367,3.819745763,8
3629,3.81704918,8
1483,3.815454545,8
197,3.814040404,8
2708,3.811375661,8
2478,3.8060625,8
2428,3.801351351,8
3589,3.800974026,8
2545,3.8,8
3888,3.799016393,8
1204,3.795102041,8
1218,3.794354839,8
1167,3.792,8
143,3.790910653,8
1434,3.788735632,8
146,3.788606195,8
1369,3.788509317,8
2694,3.787681159,8
402,3.786571429,8
184,3.786034483,8
1358,3.775675676,8
1300,3.774945055,8
145,3.772824427,8
142,3.772125984,8
673,3.769444444,8
147,3.768035982,8
1217,3.764364261,8
984,3.764339623,8
1216,3.76379538,8
2120,3.762954545,8
2314,3.760915493,8
2975,3.753426573,8
2821,3.752244898,8
279,3.75,8
858,3.75,8
2843,3.75,8
2297,3.75,8
1650,3.75,8
433,3.75,8
1512,3.75,8
1884,3.75,8
911,3.75,8
1657,3.75,8
432,3.75,8
2480,3.75,8
3045,3.75,8
2865,3.75,8
2305,3.75,8
1519,3.75,8
2495,3.75,8
2543,3.75,8
1291,3.75,8
1662,3.75,8
1473,3.75,8
1299,3.75,8
1525,3.75,8
1415,3.75,8
1534,3.75,8
3878,3.75,8
1414,3.75,8
3218,3.75,8
2466,3.75,8
3021,3.75,8
387,3.75,8
1523,3.75,8
1089,3.75,8
3214,3.75,8
1142,3.75,8
280,3.75,8
310,3.75,8
3217,3.75,8
2037,3.75,8
889,3.75,8
3178,3.75,8
1499,3.75,8
292,3.75,8
1250,3.75,8
2625,3.75,8
1249,3.75,8
2031,3.75,8
1246,3.75,8
3335,3.75,8
2032,3.75,8
1227,3.75,8
1228,3.75,8
1822,3.75,8
1814,3.75,8
3745,3.75,8
1486,3.75,8
1229,3.75,8
1230,3.75,8
1747,3.75,8
2657,3.75,8
2894,3.75,8
289,3.75,8
60,3.75,8
1634,3.75,8
789,3.75,8
1252,3.75,8
3190,3.75,8
566,3.75,8
3202,3.75,8
569,3.75,8
1205,3.747404255,8
2768,3.747304965,8
144,3.745770393,8
3618,3.745,8
1203,3.7439819,8
1724,3.743571429,8
3627,3.743333333,8
3416,3.743235294,8
683,3.741627907,8
1659,3.738205128,8
981,3.735977011,8
681,3.7356,8
1729,3.73516129,8
1125,3.73516129,8
2403,3.732962963,8
1123,3.729090909,8
1356,3.726923077,8
1599,3.726774194,8
1455,3.726,8
3724,3.725628415,8
1166,3.725384615,8
2789,3.721517857,8
3642,3.721044776,8
527,3.72056,8
2974,3.719949749,8
3704,3.717272727,8
169,3.714615385,8
2976,3.714170616,8
3376,3.711904762,8
3653,3.711666667,8
1912,3.706829268,8
3066,3.7,8
843,3.696666667,8
3664,3.692592593,8
3673,3.6925,8
2754,3.691621622,8
1117,3.688666667,8
2056,3.687563025,8
3079,3.685819209,8
3128,3.685470085,8
1002,3.684285714,8
1147,3.673478261,8
288,3.67,8
923,3.669375,8
551,3.666363636,8
287,3.655882353,8
1670,3.653125,8
3662,3.650909091,8
376,3.649955947,8
1006,3.63,8
742,3.625,8
3213,3.616666667,8
2300,3.616666667,8
1150,3.612068966,8
1485,3.61,8
3657,3.608636364,8
2577,3.605357143,8
2541,3.6,8
3712,3.586363636,8
3670,3.5825,8
628,3.578076923,8
3497,3.577777778,8
2426,3.55,8
2038,3.526849315,8
1379,3.518571429,8
1550,3.51826087,8
1740,3.508823529,8
3299,3.503934426,8
2136,3.5,8
2138,3.5,8
2384,3.5,8
2137,3.5,8
2470,3.5,8
3895,3.486923077,7
1327,3.483333333,7
2860,3.47,7
2036,3.461538462,7
1673,3.446862745,7
134,3.414285714,7
2757,3.40875,7
826,3.402643678,7
1378,3.386888889,7
2416,3.379333333,7
1490,3.35,7
2298,3.35,7
3177,3.35,7
1184,3.343142857,7
3175,3.340909091,7
2716,3.331428571,7
1004,3.33047619,7
268,3.3252,7
3176,3.317462687,7
3506,3.31,7
3118,3.303157895,7
401,3.302941176,7
3639,3.29,7
2738,3.286615385,7
3503,3.283333333,7
2430,3.283333333,7
1328,3.280535714,7
2920,3.262296296,7
1554,3.254444444,7
3372,3.25,7
2532,3.25,7
640,3.245522388,7
1233,3.245145631,7
3194,3.235,7
1303,3.234,7
2953,3.231814159,7
2954,3.224637681,7
2629,3.21,7
3411,3.206842105,7
3558,3.201666667,7
3075,3.200588235,7
629,3.190952381,7
2781,3.1908867,7
3312,3.179032258,7
348,3.175333333,7
480,3.17,7
2417,3.167142857,7
3002,3.156900585,7
2492,3.150222222,7
669,3.15,7
1237,3.145555556,7
267,3.131578947,7
3094,3.105051546,7
502,3.1,7
2197,3.099411765,7
2500,3.080769231,7
2200,3.065362319,7
2011,3.062519685,7
2538,3.05,7
366,3.05,7
2527,3.047777778,7
3093,3.046825397,7
2630,3.042,7
1441,3.039491525,7
2415,3.026923077,7
2390,3.026521739,7
8,3.021928571,7
2971,3.019714286,7
601,3.018,7
1439,3.013111111,7
1438,3.004035088,7
2711,2.997659574,6
2677,2.992543353,6
2939,2.99,6
2325,2.99,6
590,2.989318182,6
3091,2.98675,6
1208,2.984182692,6
2198,2.979491525,6
3364,2.973870968,6
1209,2.972921348,6
332,2.972673267,6
3777,2.97116129,6
45,2.969903382,6
2023,2.969592593,6
2145,2.968965035,6
1206,2.968742857,6
2722,2.968507463,6
182,2.964054054,6
2326,2.962765957,6
1617,2.959324547,6
2678,2.953327948,6
2713,2.953253968,6
2402,2.950122324,6
70,2.95,6
2004,2.95,6
1207,2.95,6
665,2.95,6
971,2.95,6
3210,2.95,6
3291,2.95,6
2871,2.95,6
3290,2.95,6
2487,2.95,6
3264,2.95,6
3523,2.95,6
2488,2.95,6
2554,2.95,6
3219,2.95,6
2467,2.95,6
1501,2.95,6
2668,2.95,6
1492,2.95,6
644,2.95,6
1583,2.95,6
3206,2.95,6
1475,2.95,6
1087,2.95,6
1060,2.95,6
419,2.95,6
847,2.95,6
2562,2.95,6
2570,2.95,6
879,2.95,6
1061,2.95,6
686,2.95,6
1062,2.95,6
3180,2.95,6
600,2.95,6
888,2.95,6
2648,2.95,6
1419,2.95,6
3706,2.95,6
3708,2.95,6
1065,2.95,6
795,2.95,6
2883,2.95,6
3080,2.95,6
3804,2.95,6
3508,2.95,6
34,2.95,6
29,2.95,6
3518,2.95,6
3863,2.95,6
2705,2.95,6
2712,2.95,6
2656,2.95,6
2239,2.95,6
1420,2.95,6
177,2.95,6
405,2.95,6
848,2.95,6
3613,2.95,6
2029,2.95,6
1467,2.95,6
1281,2.95,6
1477,2.95,6
3347,2.95,6
356,2.95,6
156,2.95,6
1348,2.95,6
2490,2.95,6
355,2.95,6
176,2.95,6
3221,2.95,6
2503,2.95,6
158,2.95,6
2764,2.95,6
174,2.95,6
351,2.95,6
2497,2.95,6
163,2.95,6
3879,2.95,6
3612,2.95,6
3865,2.95,6
2007,2.95,6
1564,2.95,6
175,2.95,6
3559,2.95,6
804,2.95,6
1743,2.95,6
1493,2.95,6
1349,2.95,6
1288,2.95,6
1153,2.95,6
2283,2.95,6
358,2.95,6
2987,2.95,6
3380,2.95,6
2649,2.95,6
2282,2.95,6
2571,2.95,6
2724,2.95,6
880,2.95,6
2749,2.95,6
3700,2.95,6
2744,2.95,6
2539,2.949608802,6
3147,2.949128978,6
2521,2.946190476,6
1805,2.945454545,6
1436,2.945402299,6
455,2.944029851,6
2696,2.943495935,6
1666,2.942899408,6
3454,2.942307692,6
2433,2.942266667,6
814,2.942121212,6
597,2.94056,6
2890,2.940551181,6
1437,2.94012987,6
2328,2.938818898,6
2502,2.938571429,6
2323,2.938532236,6
1238,2.938059701,6
2891,2.937425968,6
1865,2.936504065,6
2906,2.935185185,6
3353,2.934,6
1518,2.933559633,6
3314,2.931538462,6
2746,2.931423488,6
333,2.930628571,6
2956,2.929562044,6
3367,2.928947368,6
2658,2.928378378,6
463,2.926470588,6
2889,2.92631728,6
2000,2.925,6
3776,2.924902655,6
2958,2.924736842,6
1440,2.924468085,6
2321,2.924193548,6
2878,2.921827243,6
3110,2.921428571,6
1715,2.921428571,6
3288,2.921428571,6
71,2.92037037,6
2950,2.92037037,6
1998,2.919230769,6
2619,2.919230769,6
2327,2.919230769,6
264,2.918627451,6
2679,2.916666667,6
2072,2.916666667,6
370,2.916666667,6
2318,2.911904762,6
2320,2.908846154,6
3788,2.907894737,6
2324,2.907647059,6
2742,2.907281553,6
263,2.907246377,6
1999,2.905833333,6
3244,2.905555556,6
290,2.905555556,6
2317,2.90483871,6
3723,2.904022989,6
2281,2.903709677,6
866,2.902,6
2319,2.901212871,6
849,2.901,6
647,2.898837209,6
1273,2.893333333,6
400,2.892857143,6
3716,2.891182065,6
3748,2.89,6
3885,2.89,6
986,2.89,6
3363,2.89,6
3083,2.89,6
3085,2.89,6
3276,2.89,6
1120,2.89,6
1627,2.89,6
1384,2.89,6
3566,2.885833333,6
2515,2.885714286,6
3383,2.883333333,6
864,2.883333333,6
3086,2.881068702,6
3690,2.875,6
619,2.874536082,6
2322,2.873595506,6
1886,2.870487805,6
3802,2.87,6
3277,2.868947368,6
293,2.866,6
1121,2.865757576,6
3092,2.865,6
987,2.859230769,6
2984,2.859230769,6
1626,2.856666667,6
2018,2.855666667,6
205,2.85,6
3084,2.84,6
3095,2.838219178,6
2074,2.835714286,6
867,2.834444444,6
2431,2.834,6
3714,2.816666667,6
1549,2.813333333,6
1322,2.807142857,6
2199,2.805714286,6
588,2.804814815,6
2226,2.802727273,6
1612,2.8025,6
729,2.798387097,6
3882,2.784444444,6
1326,2.772686567,6
3108,2.77,6
3426,2.769090909,6
2020,2.764772727,6
3096,2.761111111,6
3719,2.754864865,6
902,2.75,6
2550,2.75,6
2555,2.75,6
1733,2.745,6
589,2.744897959,6
646,2.744626866,6
2715,2.728526316,6
2268,2.728181818,6
1990,2.727142857,6
2421,2.725151515,6
2752,2.715535714,6
3001,2.71,6
3660,2.702307692,6
3658,2.702307692,6
672,2.701428571,6
380,2.694444444,6
2419,2.691,6
335,2.69,6
1835,2.69,6
1991,2.687192982,6
774,2.683888889,6
3365,2.6708,6
921,2.6705,6
3041,2.658,6
3046,2.65625,6
823,2.655945946,6
666,2.650909091,6
1388,2.649652174,6
3780,2.648849145,6
3427,2.635217391,6
1495,2.633103448,6
1716,2.632352941,6
819,2.621707317,6
1992,2.616666667,6
2880,2.614206009,6
1372,2.61125,6
2229,2.597692308,6
458,2.596666667,6
862,2.59,6
2389,2.588967742,6
322,2.586260163,6
3000,2.582340426,6
3433,2.579038462,6
637,2.578,6
265,2.574954128,6
2274,2.574354839,6
261,2.56979798,6
535,2.561960784,6
2269,2.560291262,6
1487,2.5598,6
1965,2.558026316,6
973,2.556470588,6
1696,2.552258065,6
3375,2.552071197,6
596,2.55,6
1817,2.55,6
2547,2.55,6
659,2.55,6
26,2.55,6
2147,2.55,6
3386,2.55,6
3381,2.55,6
2149,2.55,6
2150,2.55,6
2121,2.55,6
3605,2.55,6
3606,2.55,6
3608,2.55,6
413,2.55,6
2486,2.55,6
1927,2.55,6
854,2.55,6
131,2.55,6
853,2.55,6
269,2.55,6
3607,2.55,6
2458,2.55,6
3870,2.55,6
2651,2.55,6
3710,2.55,6
3452,2.55,6
2109,2.55,6
1063,2.55,6
412,2.55,6
1928,2.55,6
2299,2.55,6
2266,2.55,6
920,2.55,6
2557,2.55,6
2161,2.55,6
1254,2.55,6
2484,2.55,6
262,2.55,6
2512,2.55,6
3516,2.55,6
2509,2.55,6
260,2.55,6
1343,2.55,6
2148,2.55,6
567,2.55,6
1720,2.55,6
1256,2.55,6
1964,2.55,6
2473,2.55,6
489,2.55,6
1253,2.55,6
1506,2.55,6
3382,2.55,6
76,2.55,6
444,2.55,6
3680,2.55,6
2127,2.55,6
1446,2.546341463,6
3580,2.545431472,6
1397,2.533793103,6
2753,2.533125,6
266,2.532467532,6
3234,2.529648241,6
821,2.528623853,6
2414,2.526971154,6
2817,2.5265625,6
121,2.526315789,6
846,2.525,6
658,2.523529412,6
3058,2.522222222,6
1565,2.521875,6
638,2.519,6
2745,2.516588235,6
1077,2.515384615,6
2666,2.514876543,6
818,2.514712644,6
399,2.5125,6
820,2.511408451,6
1818,2.508571429,6
3507,2.50754717,6
2755,2.507432432,6
2681,2.50406015,6
822,2.502936508,6
1408,2.502352941,6
428,2.5,6
1474,2.5,6
414,2.5,6
1803,2.498076923,5
3449,2.495,5
3739,2.494186047,5
1542,2.492579853,5
1400,2.491333333,5
1723,2.49,5
187,2.49,5
150,2.49,5
340,2.489736842,5
1931,2.489378238,5
270,2.488636364,5
151,2.476483516,5
3059,2.475777778,5
3275,2.475176471,5
2026,2.472,5
1041,2.471304348,5
980,2.47,5
2530,2.47,5
1481,2.466923077,5
528,2.462462687,5
1396,2.45969163,5
529,2.454347826,5
3742,2.439375,5
2784,2.431428571,5
591,2.43,5
668,2.399438202,5
906,2.378,5
907,2.378,5
3060,2.377,5
3062,2.374827586,5
44,2.373265306,5
442,2.361111111,5
1864,2.35,5
2481,2.35,5
604,2.343333333,5
3057,2.339,5
2863,2.338395062,5
1887,2.337419355,5
3439,2.325,5
3056,2.32483871,5
3003,2.322,5
2769,2.317317073,5
2462,2.314,5
2461,2.313529412,5
1763,2.310352941,5
1236,2.302777778,5
0,2.298571429,5
2344,2.294444444,5
78,2.294210526,5
899,2.293181818,5
82,2.286,5
3189,2.2844,5
1993,2.273465347,5
1756,2.269411765,5
201,2.265789474,5
1545,2.261532258,5
550,2.261509434,5
2918,2.258064516,5
120,2.256287879,5
2080,2.256153846,5
3160,2.255116279,5
3154,2.250243902,5
1930,2.25,5
2924,2.25,5
3236,2.25,5
3792,2.25,5
2667,2.25,5
3498,2.242546584,5
2811,2.235263158,5
472,2.234347826,5
2231,2.2225,5
3510,2.218125,5
844,2.214509804,5
80,2.203703704,5
3081,2.2,5
1546,2.188181818,5
1451,2.173464567,5
1722,2.172222222,5
2862,2.168787879,5
421,2.168,5
97,2.16686747,5
929,2.163478261,5
2418,2.163207547,5
739,2.158468085,5
733,2.153099631,5
3008,2.14802589,5
1753,2.145079365,5
384,2.144871795,5
3069,2.144692308,5
1056,2.142121212,5
3468,2.141875,5
2617,2.140748663,5
59,2.139014085,5
738,2.138591549,5
2348,2.136923077,5
3412,2.136486486,5
2690,2.13394822,5
58,2.13,5
3362,2.125714286,5
1981,2.1244,5
2616,2.123291667,5
3469,2.122755556,5
2615,2.122627119,5
695,2.122010309,5
1005,2.12,5
48,2.11920354,5
806,2.116666667,5
1556,2.115657492,5
1688,2.11490991,5
3470,2.114791667,5
1754,2.114306569,5
203,2.112357143,5
1304,2.112284264,5
1557,2.111918465,5
1551,2.111177885,5
2141,2.107307692,5
2634,2.104225352,5
3082,2.100458716,5
241,2.1,5
3209,2.1,5
243,2.1,5
2761,2.1,5
2887,2.1,5
3245,2.1,5
2180,2.1,5
3859,2.1,5
1681,2.1,5
2985,2.1,5
1862,2.1,5
2839,2.1,5
2504,2.1,5
2650,2.1,5
2567,2.1,5
377,2.1,5
3431,2.1,5
2931,2.1,5
3721,2.1,5
3158,2.1,5
2911,2.1,5
3520,2.1,5
1574,2.1,5
152,2.1,5
1458,2.1,5
2201,2.1,5
1834,2.1,5
2452,2.1,5
737,2.1,5
3644,2.1,5
3707,2.1,5
221,2.1,5
1866,2.1,5
1364,2.1,5
478,2.1,5
3740,2.099038462,5
1558,2.097272727,5
786,2.097191011,5
1199,2.096540698,5
3755,2.096527778,5
1538,2.096183206,5
721,2.095098039,5
3746,2.094974874,5
2833,2.094949495,5
720,2.094791667,5
722,2.094186047,5
2614,2.094,5
2022,2.093975904,5
1181,2.093787879,5
3163,2.093492063,5
2823,2.092634731,5
1325,2.090879121,5
728,2.09,5
716,2.09,5
1560,2.089023438,5
464,2.088767123,5
719,2.088636364,5
715,2.088372093,5
1561,2.088299712,5
1085,2.088235294,5
3538,2.088115942,5
3070,2.086338028,5
3048,2.085921053,5
3166,2.084954128,5
2559,2.084814815,5
3071,2.084294872,5
1562,2.083550296,5
860,2.083333333,5
2166,2.080076923,5
2329,2.08,5
16,2.08,5
2310,2.08,5
1057,2.08,5
2309,2.08,5
2308,2.08,5
1604,2.08,5
1661,2.08,5
2404,2.08,5
1105,2.08,5
1104,2.08,5
1102,2.08,5
1780,2.079850187,5
3262,2.079342561,5
179,2.079152542,5
1768,2.076856287,5
1619,2.075882353,5
1671,2.075135135,5
3499,2.074850746,5
3790,2.074423077,5
1777,2.073846154,5
3500,2.073755656,5
1103,2.072923077,5
1106,2.072923077,5
1058,2.07275,5
2528,2.072403846,5
2232,2.07125,5
2627,2.07109434,5
2208,2.071052632,5
1119,2.0709375,5
3116,2.070714286,5
1122,2.070645161,5
2592,2.069697581,5
3333,2.069259259,5
3159,2.06925,5
1859,2.069178082,5
1126,2.067659574,5
1298,2.0675,5
711,2.066966292,5
3587,2.066818182,5
1124,2.066190476,5
1760,2.065637255,5
1765,2.064,5
2900,2.063571429,5
1881,2.062941176,5
1779,2.062703297,5
2665,2.060952381,5
1118,2.060666667,5
1767,2.060488889,5
313,2.060352941,5
1761,2.059719626,5
141,2.0589,5
1762,2.058841121,5
1772,2.05863354,5
371,2.058571429,5
1116,2.0568,5
2468,2.05625,5
3803,2.053125,5
1764,2.048588957,5
3252,2.045882353,5
3466,2.043835616,5
1406,2.042544379,5
837,2.04235426,5
63,2.039603175,5
808,2.0375,5
1770,2.035164319,5
1782,2.033182609,5
1783,2.031104478,5
1781,2.029014085,5
1784,2.026358696,5
3756,2.025180723,5
1766,2.024623288,5
1769,2.023924051,5
2902,2.0225,5
1494,2.022222222,5
1774,2.021971831,5
2230,2.015544554,5
1771,2.015435154,5
1776,2.012430939,5
2669,2.011103679,5
1775,2.00819802,5
1759,2.007710583,5
2287,2.0075,5
1778,2.0075,5
639,2.005,5
2815,1.997117117,4
2892,1.991578947,4
523,1.988985507,4
812,1.9875,4
1572,1.9852,4
64,1.985119048,4
88,1.981707317,4
699,1.981554252,4
274,1.975952381,4
2691,1.975,4
57,1.975,4
2295,1.974,4
3682,1.972886598,4
3645,1.972352941,4
3420,1.970434783,4
2422,1.967142857,4
2469,1.964859155,4
3735,1.963333333,4
2827,1.957410714,4
3684,1.954822695,4
999,1.953603604,4
3685,1.952360248,4
3636,1.95,4
3713,1.95,4
1503,1.95,4
2937,1.95,4
183,1.95,4
632,1.95,4
2969,1.95,4
451,1.95,4
448,1.95,4
2529,1.95,4
1321,1.95,4
2128,1.95,4
2442,1.95,4
424,1.95,4
408,1.95,4
1463,1.95,4
2968,1.95,4
2566,1.95,4
2548,1.95,4
1323,1.95,4
608,1.95,4
2970,1.95,4
323,1.95,4
2988,1.95,4
1324,1.95,4
2179,1.95,4
2174,1.95,4
2175,1.95,4
2176,1.95,4
3310,1.95,4
2172,1.95,4
1491,1.95,4
2173,1.95,4
834,1.95,4
2178,1.95,4
2540,1.95,4
3307,1.95,4
788,1.95,4
2489,1.95,4
3857,1.95,4
2170,1.95,4
2171,1.95,4
2177,1.95,4
898,1.948253968,4
1867,1.948,4
3588,1.947628458,4
2979,1.945774648,4
1615,1.945,4
530,1.944827586,4
785,1.944042553,4
53,1.941549296,4
2222,1.940909091,4
3344,1.940909091,4
533,1.940714286,4
2015,1.939655172,4
1071,1.938990826,4
698,1.937783251,4
3311,1.936956522,4
3308,1.934210526,4
3330,1.932857143,4
3309,1.932352941,4
3417,1.93,4
1174,1.928947368,4
568,1.925064935,4
1963,1.924832905,4
46,1.924285714,4
3564,1.923913043,4
2989,1.919387755,4
1175,1.908333333,4
1773,1.906521739,4
3413,1.903846154,4
790,1.9035,4
2978,1.89,4
2639,1.89,4
1589,1.8875,4
1555,1.882142857,4
2347,1.881481481,4
3153,1.877894737,4
2710,1.875146199,4
1367,1.875,4
1242,1.875,4
1559,1.875,4
1969,1.875,4
2560,1.872731707,4
1470,1.868823529,4
3061,1.863913043,4
3098,1.85,4
816,1.848076923,4
3357,1.846,4
2929,1.837911647,4
3679,1.836760563,4
3887,1.836153846,4
828,1.83125,4
3317,1.82826087,4
2859,1.821428571,4
1710,1.821111111,4
2185,1.819,4
1934,1.817407407,4
1533,1.816666667,4
1472,1.815,4
595,1.81,4
2088,1.805555556,4
2182,1.804444444,4
249,1.797083333,4
2186,1.797,4
2345,1.79,4
2184,1.788947368,4
3150,1.7875,4
2078,1.787222222,4
2346,1.778,4
103,1.777985612,4
2831,1.770588235,4
2829,1.769708029,4
339,1.768055556,4
1427,1.76592233,4
2813,1.7655,4
2189,1.762857143,4
2830,1.755806452,4
1929,1.755588235,4
2837,1.750408163,4
394,1.75,4
3145,1.743548387,4
81,1.743421053,4
1848,1.73975,4
2397,1.736760563,4
1333,1.735945946,4
2917,1.735106383,4
2834,1.733826087,4
2086,1.730769231,4
2400,1.723306452,4
3557,1.721304348,4
3875,1.71572549,4
2191,1.714285714,4
2188,1.713333333,4
3354,1.712933333,4
731,1.7115,4
1431,1.711,4
1516,1.70915493,4
2286,1.708461538,4
2832,1.706046512,4
2836,1.697603306,4
2785,1.69460733,4
2292,1.693877551,4
1625,1.693733333,4
975,1.692413793,4
2183,1.691818182,4
1306,1.690526316,4
3692,1.69,4
1635,1.69,4
2535,1.69,4
1621,1.69,4
1351,1.69,4
1591,1.69,4
2642,1.69,4
1173,1.69,4
1672,1.69,4
79,1.689189189,4
3022,1.688991597,4
2446,1.688518519,4
2838,1.68765625,4
2064,1.687575758,4
593,1.685555556,4
556,1.68251462,4
217,1.680621242,4
276,1.676666667,4
707,1.676666667,4
1135,1.676666667,4
2747,1.674895105,4
2315,1.674648649,4
2425,1.670206186,4
2772,1.670107527,4
2585,1.669653179,4
3868,1.669595142,4
312,1.669428571,4
2187,1.666,4
1052,1.665897436,4
475,1.665327103,4
2787,1.664956522,4
3495,1.664714286,4
2581,1.664175824,4
1376,1.664099379,4
3556,1.6624,4
1953,1.661767068,4
2146,1.661101322,4
1948,1.660939691,4
1962,1.660242215,4
1308,1.65976378,4
2385,1.659213483,4
1377,1.658831418,4
1956,1.658729282,4
554,1.658347826,4
697,1.657761194,4
2498,1.656086957,4
1611,1.6556,4
2583,1.655120773,4
2359,1.655,4
3783,1.654383562,4
684,1.653333333,4
1958,1.653292683,4
2586,1.652494226,4
1950,1.651973094,4
2824,1.65,4
3247,1.65,4
1636,1.65,4
974,1.65,4
1080,1.65,4
1580,1.65,4
14,1.65,4
3686,1.65,4
2936,1.65,4
426,1.65,4
501,1.65,4
3251,1.65,4
2381,1.65,4
2893,1.65,4
2549,1.65,4
3379,1.65,4
485,1.65,4
3141,1.65,4
1527,1.65,4
1139,1.65,4
1812,1.65,4
667,1.65,4
446,1.65,4
1852,1.65,4
1845,1.65,4
1265,1.65,4
306,1.65,4
555,1.65,4
1239,1.65,4
510,1.65,4
245,1.65,4
2441,1.65,4
960,1.65,4
959,1.65,4
937,1.65,4
876,1.65,4
877,1.65,4
878,1.65,4
859,1.65,4
881,1.65,4
900,1.65,4
1012,1.65,4
1010,1.65,4
919,1.65,4
2903,1.65,4
1373,1.65,4
962,1.65,4
958,1.65,4
2472,1.65,4
961,1.65,4
963,1.65,4
1959,1.65,4
922,1.65,4
459,1.65,4
1371,1.65,4
954,1.65,4
2035,1.65,4
1079,1.65,4
935,1.65,4
3720,1.65,4
1496,1.65,4
775,1.65,4
3137,1.65,4
1642,1.65,4
916,1.65,4
936,1.65,4
3511,1.65,4
1725,1.65,4
1946,1.649747368,4
1960,1.649689922,4
2584,1.649518072,4
3475,1.64875,4
3798,1.648461538,4
1053,1.648148148,4
3235,1.648095238,4
948,1.647701149,4
1081,1.647468354,4
1952,1.647448071,4
1755,1.647402597,4
1613,1.646875,4
2786,1.646848485,4
1957,1.646153846,4
1055,1.646039604,4
2835,1.645744681,4
1961,1.645495495,4
696,1.645,4
2905,1.645,4
1937,1.644594595,4
1054,1.644366197,4
1951,1.644366197,4
1945,1.643955322,4
1078,1.643877551,4
1949,1.643589744,4
3620,1.643571429,4
3576,1.643258427,4
3242,1.643181818,4
3385,1.643146853,4
3549,1.642982456,4
2386,1.642307692,4
3298,1.642165899,4
52,1.642079208,4
3699,1.642,4
1618,1.641977716,4
1955,1.641780822,4
2499,1.641304348,4
3473,1.641111111,4
2582,1.640672783,4
2033,1.640555556,4
2706,1.64047619,4
1947,1.64047619,4
18,1.64020979,4
557,1.640163934,4
863,1.639189189,4
1703,1.637878788,4
3143,1.637647059,4
359,1.6375,4
1084,1.636666667,4
2886,1.635964912,4
1842,1.635365854,4
90,1.634615385,4
2972,1.633636364,4
2822,1.633541667,4
465,1.633333333,4
3232,1.631818182,4
3196,1.629591837,4
831,1.628571429,4
2840,1.626470588,4
2901,1.625,4
2464,1.624126984,4
89,1.623913043,4
3698,1.623333333,4
1573,1.621428571,4
1856,1.619565217,4
1011,1.616666667,4
87,1.615168539,4
3248,1.612553191,4
2916,1.606285714,4
815,1.601208791,4
309,1.6,4
1088,1.594705882,4
2126,1.592857143,4
2008,1.585,4
406,1.583333333,4
1585,1.58027907,4
298,1.58,4
2025,1.58,4
1810,1.574558824,4
3036,1.5725,4
3067,1.565789474,4
101,1.565698925,4
3322,1.562727273,4
3231,1.562666667,4
258,1.562467532,4
3614,1.554509804,4
3321,1.5525,4
2605,1.55,4
2501,1.55,4
1009,1.55,4
273,1.545555556,4
3374,1.544545455,4
2223,1.533934426,4
1003,1.532352941,4
2099,1.532093023,4
1521,1.527777778,4
486,1.527777778,4
925,1.522978723,4
3263,1.5221875,4
740,1.521244635,4
3737,1.516785714,4
2409,1.515581395,4
2812,1.514615385,4
512,1.505194805,4
2996,1.503333333,4
1587,1.500598291,4
1872,1.500508475,4
2163,1.5,4
3035,1.498729282,3
727,1.497272727,3
2369,1.496545455,3
2100,1.494,3
2440,1.487142857,3
857,1.48625,3
648,1.483684211,3
1248,1.482671233,3
3297,1.482,3
2076,1.482,3
1875,1.4815,3
2130,1.480769231,3
3861,1.478837209,3
2513,1.478292683,3
3501,1.477407407,3
649,1.477142857,3
2316,1.476818182,3
2190,1.476666667,3
3103,1.4765625,3
2312,1.475694444,3
202,1.475,3
381,1.474545455,3
1737,1.472330097,3
3104,1.471314741,3
2082,1.4712,3
3135,1.466071429,3
3681,1.465747664,3
3038,1.461382979,3
1201,1.460031746,3
476,1.45875,3
1050,1.456885246,3
3031,1.455723684,3
2019,1.455396825,3
3319,1.451666667,3
474,1.45037037,3
1668,1.450219178,3
1569,1.45,3
1568,1.45,3
61,1.45,3
1007,1.45,3
3030,1.45,3
1789,1.45,3
1454,1.45,3
3037,1.45,3
1954,1.45,3
3039,1.45,3
1885,1.45,3
2967,1.45,3
2796,1.45,3
2620,1.45,3
3265,1.45,3
1008,1.45,3
794,1.45,3
2718,1.45,3
2604,1.45,3
2842,1.45,3
773,1.45,3
3033,1.45,3
3350,1.45,3
3034,1.45,3
2800,1.45,3
1624,1.45,3
3102,1.45,3
2603,1.45,3
3226,1.448895028,3
1567,1.447222222,3
2077,1.446875,3
3228,1.446825397,3
2306,1.446551724,3
2997,1.446,3
3105,1.445918367,3
3032,1.445238095,3
654,1.444202899,3
304,1.4436,3
3610,1.443377483,3
2998,1.442857143,3
793,1.441640625,3
791,1.441549296,3
2040,1.440686275,3
1049,1.440163934,3
2181,1.44,3
286,1.436046512,3
1051,1.434210526,3
3701,1.433333333,3
1221,1.433214286,3
3550,1.43263773,3
62,1.432608696,3
2042,1.430357143,3
1480,1.428021978,3
1168,1.427887324,3
375,1.427647059,3
86,1.42675,3
3073,1.422857143,3
1874,1.422698413,3
3253,1.420909091,3
3560,1.419375,3
349,1.416666667,3
1667,1.414954955,3
1664,1.41375,3
3133,1.411333333,3
3303,1.41,3
473,1.407826087,3
3257,1.407142857,3
102,1.406285714,3
3078,1.40557377,3
656,1.40202765,3
395,1.4,3
1873,1.398695652,3
3515,1.398,3
3478,1.395328467,3
2874,1.392888889,3
2879,1.391595745,3
3717,1.391052632,3
890,1.39,3
3281,1.38826087,3
652,1.381428571,3
2420,1.38,3
3132,1.379642857,3
301,1.3775,3
2551,1.376666667,3
1649,1.3765,3
969,1.375882353,3
2218,1.375,3
1622,1.373783784,3
664,1.370253165,3
546,1.37,3
3370,1.369464286,3
2628,1.368013699,3
2925,1.3676,3
1398,1.365306122,3
3757,1.363055556,3
1880,1.357471264,3
38,1.357357143,3
928,1.354473684,3
3462,1.352173913,3
3548,1.35,3
635,1.349047619,3
1127,1.34746988,3
663,1.347014925,3
1786,1.346101695,3
651,1.3446875,3
1307,1.341666667,3
2569,1.341428571,3
3648,1.34,3
3569,1.34,3
1271,1.34,3
2594,1.33962963,3
2633,1.33695122,3
2073,1.335555556,3
3514,1.335,3
452,1.334615385,3
3029,1.334545455,3
1804,1.334320988,3
2938,1.332592593,3
1410,1.331445783,3
2313,1.331176471,3
3134,1.330666667,3
887,1.33,3
74,1.326306306,3
69,1.324177215,3
3020,1.324166667,3
3090,1.323191489,3
407,1.321666667,3
3013,1.321278409,3
3323,1.321176471,3
75,1.32060241,3
2631,1.319807692,3
1432,1.318333333,3
3028,1.318224299,3
766,1.317575758,3
2236,1.317222222,3
484,1.313793103,3
655,1.313555556,3
3027,1.312947977,3
2113,1.312857143,3
494,1.312382812,3
3026,1.311914191,3
2770,1.311851852,3
3733,1.310409091,3
2623,1.30902439,3
1876,1.308823529,3
2104,1.308333333,3
3320,1.307619048,3
3509,1.306666667,3
2518,1.306521739,3
3368,1.30627907,3
1156,1.302631579,3
2663,1.301,3
3065,1.300416667,3
2743,1.298994975,3
3876,1.298780488,3
491,1.298509615,3
657,1.297777778,3
1331,1.296923077,3
3477,1.296299559,3
2021,1.295074627,3
199,1.294268293,3
3537,1.291139241,3
2766,1.290673077,3
3734,1.288812785,3
2558,1.28779661,3
1310,1.2871875,3
1314,1.281891892,3
2454,1.281026316,3
1330,1.281025641,3
3880,1.281025641,3
1294,1.280909091,3
1312,1.280632911,3
1222,1.280338983,3
1115,1.2796,3
2593,1.278809524,3
441,1.27821727,3
2106,1.277555556,3
3554,1.276025641,3
3328,1.276021505,3
2912,1.275,3
3377,1.274285714,3
3774,1.274012158,3
2814,1.273809524,3
3472,1.273723404,3
1342,1.273243243,3
2437,1.271586826,3
3019,1.271276596,3
1317,1.270175439,3
1606,1.270136986,3
3474,1.27,3
2930,1.269787234,3
730,1.269545455,3
3400,1.269475524,3
2751,1.269142857,3
331,1.26890625,3
1313,1.268059701,3
2693,1.267980535,3
1315,1.267,3
2643,1.266666667,3
1311,1.26474359,3
1600,1.262365591,3
3229,1.262222222,3
3063,1.261651235,3
2264,1.26122449,3
2646,1.26037037,3
2531,1.260254777,3
3598,1.259549296,3
3107,1.259363057,3
3043,1.258736842,3
3884,1.258670695,3
1399,1.258544153,3
1341,1.257545455,3
3121,1.256842105,3
2861,1.2568,3
3435,1.256566265,3
918,1.255897436,3
997,1.255809524,3
3327,1.25539823,3
1224,1.255333333,3
2108,1.25503937,3
3287,1.255035461,3
1603,1.25481203,3
3683,1.254509804,3
1515,1.254166667,3
1614,1.254025157,3
326,1.253965517,3
3114,1.25206422,3
2921,1.251632653,3
3793,1.25,3
2777,1.25,3
1391,1.25,3
3795,1.25,3
492,1.25,3
83,1.25,3
3465,1.25,3
2729,1.25,3
917,1.25,3
2965,1.25,3
1971,1.25,3
2662,1.25,3
3458,1.25,3
1520,1.25,3
3023,1.25,3
2740,1.25,3
2805,1.25,3
3456,1.25,3
2973,1.25,3
347,1.25,3
49,1.25,3
998,1.25,3
77,1.25,3
2395,1.25,3
3418,1.25,3
2453,1.25,3
2720,1.25,3
1392,1.25,3
2961,1.25,3
845,1.25,3
499,1.25,3
746,1.25,3
1586,1.25,3
2700,1.25,3
949,1.25,3
325,1.25,3
1966,1.25,3
1584,1.25,3
7,1.25,3
2451,1.25,3
1686,1.25,3
542,1.25,3
1269,1.25,3
328,1.25,3
497,1.25,3
2798,1.25,3
2361,1.25,3
2801,1.25,3
2234,1.25,3
2288,1.25,3
3521,1.25,3
2714,1.25,3
85,1.25,3
1393,1.25,3
3476,1.25,3
1144,1.25,3
2164,1.25,3
1192,1.25,3
1068,1.25,3
2542,1.25,3
242,1.25,3
2849,1.25,3
2546,1.25,3
3593,1.25,3
1504,1.25,3
1363,1.25,3
1785,1.25,3
254,1.25,3
1863,1.25,3
1064,1.25,3
1726,1.25,3
68,1.25,3
3703,1.25,3
185,1.25,3
2576,1.25,3
3565,1.25,3
2919,1.25,3
3167,1.25,3
239,1.25,3
235,1.25,3
1347,1.25,3
1114,1.25,3
2204,1.25,3
784,1.25,3
787,1.25,3
1109,1.25,3
1108,1.25,3
1107,1.25,3
219,1.25,3
2436,1.25,3
17,1.25,3
1100,1.25,3
1099,1.25,3
1098,1.25,3
1097,1.25,3
1541,1.25,3
3886,1.25,3
1900,1.25,3
2590,1.25,3
2896,1.25,3
28,1.25,3
1305,1.25,3
3540,1.25,3
447,1.25,3
65,1.25,3
3544,1.25,3
2399,1.25,3
1641,1.25,3
37,1.25,3
2448,1.25,3
443,1.25,3
27,1.25,3
559,1.25,3
1684,1.25,3
2602,1.25,3
2626,1.25,3
2233,1.25,3
1316,1.25,3
2596,1.25,3
2101,1.25,3
36,1.25,3
35,1.25,3
2311,1.25,3
3282,1.25,3
2477,1.25,3
2595,1.25,3
33,1.25,3
1136,1.25,3
2103,1.25,3
2857,1.248813559,3
1309,1.248695652,3
2588,1.248581081,3
1318,1.248536585,3
1489,1.24853211,3
67,1.248527132,3
2855,1.24825,3
996,1.248058252,3
3316,1.247755102,3
2966,1.247625,3
3459,1.247435897,3
507,1.247432432,3
1,1.247341772,3
3182,1.247254902,3
2589,1.247248908,3
1691,1.247021277,3
1610,1.247015707,3
3068,1.247,3
3624,1.246911765,3
3144,1.246833333,3
3115,1.246833333,3
1382,1.246806723,3
3590,1.246612903,3
3112,1.246586826,3
3076,1.246545455,3
282,1.246481481,3
2771,1.2462,3
708,1.246041667,3
423,1.246,3
810,1.245895197,3
149,1.245867769,3
2856,1.245647668,3
3109,1.24556338,3
40,1.24547619,3
195,1.245377358,3
2,1.245142857,3
2727,1.245,3
498,1.244864865,3
3369,1.244832041,3
467,1.244567901,3
66,1.244508671,3
3113,1.244473684,3
709,1.244411765,3
2923,1.244411765,3
1692,1.244293478,3
3623,1.244242424,3
3874,1.244242424,3
2964,1.244183673,3
1198,1.2440625,3
1796,1.243538462,3
2854,1.243538462,3
2907,1.243214286,3
3324,1.2432,3
2591,1.243114754,3
2734,1.242990654,3
3293,1.242962963,3
3356,1.2425,3
833,1.2424,3
1046,1.24239819,3
3577,1.242363636,3
3326,1.242307692,3
2587,1.242222222,3
2963,1.241971831,3
2387,1.2416,3
3727,1.2416,3
3097,1.2415625,3
1984,1.240806452,3
2358,1.240655738,3
2362,1.2405,3
194,1.240049505,3
130,1.24,3
2962,1.23972973,3
2763,1.2395,3
1629,1.239230769,3
3619,1.238947368,3
227,1.238823529,3
246,1.238823529,3
3570,1.238484848,3
1096,1.237647059,3
1223,1.237647059,3
1235,1.237333333,3
3536,1.237333333,3
2704,1.237222222,3
1936,1.236779661,3
2465,1.236507937,3
1319,1.236222222,3
1537,1.235888889,3
1797,1.234558824,3
324,1.234489796,3
3414,1.234188482,3
792,1.233734177,3
39,1.233714286,3
1563,1.2332,3
3871,1.232972973,3
110,1.2325,3
196,1.232242991,3
1226,1.2321875,3
2621,1.231,3
2788,1.230909091,3
3622,1.230606061,3
2599,1.23,3
2778,1.229,3
1602,1.228888889,3
2799,1.22741573,3
3794,1.226666667,3
3872,1.226666667,3
3455,1.226,3
1695,1.2246875,3
1576,1.224117647,3
2102,1.223157895,3
84,1.222857143,3
3142,1.222,3
3752,1.220769231,3
1129,1.22047619,3
3300,1.218333333,3
943,1.218076923,3
2002,1.215744681,3
3568,1.214659091,3
1544,1.213461538,3
3567,1.213055556,3
307,1.212272727,3
1159,1.211515152,3
104,1.21,3
344,1.2046875,3
2090,1.2025,3
661,1.2,3
1877,1.2,3
3542,1.196458333,3
594,1.19625,3
3138,1.195,3
3457,1.193421053,3
2510,1.193333333,3
212,1.18875,3
2105,1.186285714,3
2215,1.183333333,3
3318,1.183333333,3
2676,1.181923077,3
803,1.18,3
543,1.173656716,3
379,1.17,3
2214,1.167741935,3
2217,1.164814815,3
1083,1.1625,3
913,1.16125,3
3207,1.157948718,3
763,1.152126437,3
3693,1.15,3
1134,1.1475,3
369,1.14625,3
284,1.146,3
1711,1.142068966,3
2816,1.137560976,3
942,1.135789474,3
2914,1.134,3
1195,1.131428571,3
1857,1.13106383,3
2089,1.129310345,3
1469,1.126170213,3
685,1.125,3
2640,1.125,3
645,1.12,3
1858,1.117926829,3
1194,1.111666667,3
2412,1.111290323,3
2349,1.11,3
1267,1.11,3
3040,1.107272727,3
1623,1.105,3
2221,1.1,3
2450,1.1,3
2435,1.1,3
1844,1.09742268,3
1151,1.09519084,3
2107,1.090769231,3
2132,1.084375,3
1868,1.080634921,3
914,1.078,3
1365,1.0775,3
302,1.076666667,3
1888,1.075454545,3
946,1.071860465,3
411,1.07,3
2085,1.063043478,3
1982,1.059230769,3
1193,1.058461538,3
2552,1.056666667,3
2024,1.053421053,3
207,1.05,3
404,1.05,3
1145,1.041666667,3
383,1.040289855,3
303,1.04,3
1898,1.036666667,3
3227,1.036528926,3
1146,1.03483871,3
1336,1.034444444,3
1816,1.03125,3
3419,1.03,3
2982,1.023815789,3
41,1.02,3
1751,1.014691358,3
3767,1.0146,3
3769,1.010915033,3
1749,1.010344828,3
1903,1.01,3
1899,1.01,3
805,1.01,3
3415,1.006956522,3
3563,1.003953488,3
393,1,3
548,1,3
317,1,3
3337,1,3
747,0.999642857,2
3768,0.995862069,2
1073,0.988928571,2
653,0.974166667,2
247,0.973333333,2
1750,0.9716,2
299,0.969375,2
3889,0.966952381,2
3181,0.966666667,2
768,0.966170213,2
1334,0.963157895,2
690,0.957884615,2
2219,0.95625,2
3064,0.952727273,2
2682,0.951904762,2
2828,0.95,2
3890,0.95,2
824,0.95,2
297,0.948888889,2
2216,0.947142857,2
2017,0.946341463,2
1450,0.946153846,2
2471,0.943333333,2
1630,0.939215686,2
689,0.939047619,2
1655,0.938571429,2
3170,0.938301887,2
300,0.935,2
1101,0.93484375,2
2013,0.934155844,2
3766,0.934086957,2
769,0.93212766,2
1215,0.931038961,2
564,0.930810811,2
1897,0.93,2
1891,0.93,2
1895,0.93,2
1904,0.93,2
2423,0.928846154,2
296,0.928709677,2
1855,0.927777778,2
3274,0.926666667,2
2213,0.921052632,2
1332,0.92030303,2
2999,0.918235294,2
2792,0.916746988,2
1329,0.912162162,2
745,0.911976744,2
1188,0.911578947,2
744,0.911020408,2
511,0.91,2
1430,0.908823529,2
2802,0.908356164,2
780,0.905949367,2
1255,0.904,2
3355,0.903392857,2
1275,0.900757576,2
1386,0.89943662,2
50,0.898504673,2
1213,0.896987952,2
281,0.896551724,2
759,0.895614035,2
3695,0.895,2
3340,0.894285714,2
3761,0.894,2
1191,0.892545455,2
2791,0.8918,2
1890,0.89,2
1892,0.89,2
762,0.888469388,2
2622,0.886111111,2
1628,0.884907407,2
761,0.884587156,2
754,0.884526316,2
2511,0.883255814,2
403,0.8808,2
73,0.88,2
809,0.88,2
51,0.878965517,2
3268,0.876544503,2
12,0.876158537,2
2366,0.876,2
2368,0.873442623,2
1189,0.873283582,2
3461,0.873121693,2
1582,0.871555556,2
3595,0.869555556,2
1579,0.868630137,2
3072,0.868521739,2
257,0.8682,2
1272,0.868172043,2
2207,0.868139535,2
3392,0.866595745,2
1905,0.866,2
1801,0.865918367,2
3893,0.865522388,2
2955,0.865225225,2
3722,0.864074074,2
3267,0.863375,2
1943,0.862887931,2
3425,0.862848837,2
1402,0.862170213,2
2638,0.861724138,2
2719,0.86031746,2
678,0.859587021,2
3371,0.859069767,2
1190,0.858947368,2
1609,0.858888889,2
1346,0.858615385,2
2124,0.858185841,2
1708,0.857692308,2
1359,0.8565,2
437,0.855294118,2
2270,0.85490566,2
2826,0.854482759,2
2241,0.853354839,2
680,0.853196721,2
2260,0.852961039,2
2671,0.852615385,2
3630,0.851942308,2
2261,0.85079646,2
2737,0.850514851,2
679,0.85,2
724,0.85,2
1706,0.85,2
315,0.85,2
2357,0.85,2
939,0.85,2
723,0.85,2
2364,0.85,2
1983,0.85,2
1076,0.85,2
1575,0.85,2
321,0.85,2
2365,0.85,2
3313,0.85,2
460,0.85,2
2304,0.85,2
2363,0.85,2
2367,0.85,2
3789,0.85,2
2294,0.85,2
122,0.85,2
3280,0.85,2
1698,0.85,2
148,0.85,2
72,0.85,2
1197,0.85,2
1944,0.85,2
1509,0.85,2
1212,0.85,2
1158,0.85,2
3408,0.85,2
1214,0.85,2
362,0.85,2
3858,0.85,2
3535,0.85,2
1566,0.85,2
3534,0.85,2
454,0.85,2
311,0.85,2
3753,0.85,2
427,0.85,2
1653,0.85,2
319,0.85,2
1719,0.85,2
320,0.85,2
3481,0.85,2
607,0.85,2
605,0.85,2
505,0.85,2
586,0.85,2
830,0.85,2
2131,0.85,2
1169,0.85,2
2066,0.85,2
2675,0.85,2
2670,0.85,2
755,0.85,2
2661,0.85,2
2652,0.85,2
1263,0.85,2
813,0.85,2
2296,0.85,2
1086,0.85,2
2514,0.85,2
1297,0.85,2
2474,0.85,2
2455,0.85,2
891,0.85,2
576,0.85,2
760,0.85,2
3162,0.85,2
2125,0.85,2
718,0.85,2
2701,0.85,2
167,0.85,2
599,0.85,2
1447,0.85,2
209,0.85,2
1361,0.85,2
372,0.85,2
3395,0.85,2
2016,0.85,2
2302,0.85,2
1374,0.85,2
3444,0.85,2
776,0.85,2
3127,0.85,2
378,0.85,2
1497,0.85,2
1735,0.85,2
25,0.85,2
23,0.849252874,2
24,0.849207317,2
1663,0.849071429,2
677,0.848930041,2
2850,0.848617021,2
717,0.848488372,2
2263,0.848072289,2
2561,0.848061224,2
3237,0.847868852,2
1296,0.847758621,2
3120,0.847748344,2
2262,0.847515924,2
2739,0.847412935,2
2851,0.847067669,2
558,0.847045455,2
504,0.846952381,2
933,0.846904762,2
1592,0.84675,2
237,0.84675,2
2774,0.84675,2
228,0.846388889,2
3009,0.845951743,2
934,0.845806452,2
1524,0.845714286,2
1843,0.845357143,2
1344,0.84509434,2
1736,0.8448,2
2228,0.844473684,2
3791,0.843886139,2
1345,0.843275862,2
2600,0.843157895,2
674,0.843018868,2
1669,0.842972973,2
469,0.84292517,2
2612,0.842851324,2
1468,0.842758621,2
3238,0.842682927,2
676,0.842517986,2
3106,0.84234375,2
2424,0.841136364,2
2083,0.84047619,2
2637,0.84,2
765,0.83962963,2
3119,0.839385475,2
2808,0.839354839,2
1274,0.839148936,2
2272,0.838849558,2
431,0.838461538,2
743,0.837,2
2360,0.837,2
3891,0.83627907,2
3869,0.835897436,2
96,0.835833333,2
1528,0.835714286,2
675,0.835555556,2
3117,0.835,2
829,0.834491018,2
1800,0.834,2
3047,0.834,2
2922,0.833157895,2
3283,0.833003534,2
2065,0.83,2
1335,0.83,2
430,0.83,2
1279,0.83,2
3799,0.83,2
764,0.83,2
495,0.83,2
1280,0.83,2
410,0.83,2
3800,0.83,2
3349,0.83,2
3801,0.83,2
100,0.829405405,2
99,0.829388889,2
3197,0.828888889,2
1581,0.828888889,2
1590,0.82828125,2
3165,0.826977778,2
1689,0.826857143,2
3215,0.826788321,2
3366,0.825789474,2
817,0.8256,2
2635,0.825510204,2
2143,0.825416667,2
2983,0.824969512,2
3087,0.824622222,2
3240,0.824444444,2
2986,0.824358974,2
1811,0.822747253,2
3254,0.822428571,2
1276,0.822280702,2
1435,0.8209375,2
2356,0.820606061,2
95,0.82,2
3579,0.818360656,2
2767,0.817701149,2
1368,0.815454545,2
1639,0.815,2
2445,0.814,2
2117,0.811643836,2
225,0.805617021,2
3343,0.804285714,2
3295,0.804210526,2
2043,0.803513514,2
2475,0.803333333,2
229,0.7975,2
418,0.796666667,2
2598,0.796153846,2
1278,0.793333333,2
3284,0.790592593,2
1476,0.79,2
2636,0.79,2
2647,0.79,2
1808,0.79,2
396,0.787162162,2
2374,0.784285714,2
2573,0.783888889,2
3854,0.783846154,2
894,0.782727273,2
1970,0.781578947,2
1878,0.77875,2
3285,0.771041667,2
903,0.770833333,2
1910,0.77,2
1908,0.77,2
1901,0.77,2
1889,0.77,2
2858,0.766,2
3272,0.763846154,2
3770,0.762361111,2
749,0.76125,2
3301,0.757017544,2
832,0.75326087,2
2227,0.7525,2
2087,0.75,2
3421,0.730555556,2
2220,0.7275,2
2291,0.722238806,2
2165,0.720769231,2
1734,0.72,2
633,0.716666667,2
978,0.714691358,2
1484,0.713076923,2
524,0.705555556,2
1370,0.700909091,2
2110,0.698607595,2
105,0.696825397,2
671,0.6924,2
1793,0.691565217,2
409,0.691176471,2
562,0.688378378,2
561,0.687230769,2
3243,0.686551724,2
940,0.686470588,2
1815,0.685714286,2
1795,0.685026455,2
2726,0.683142857,2
2672,0.681363636,2
1196,0.679677419,2
165,0.679411765,2
223,0.677413793,2
1987,0.673684211,2
2698,0.670273973,2
19,0.668604651,2
13,0.668556701,2
1986,0.668101266,2
1577,0.667557252,2
1792,0.666785714,2
1607,0.666304348,2
3164,0.663271028,2
388,0.66,2
1988,0.659313725,2
1170,0.657435897,2
2057,0.657404255,2
2267,0.656,2
1394,0.653461538,2
2945,0.65,2
1645,0.65,2
2844,0.65,2
1069,0.65,2
1644,0.65,2
2483,0.65,2
1154,0.65,2
2942,0.65,2
215,0.65,2
3447,0.65,2
1632,0.65,2
214,0.65,2
1075,0.65,2
1390,0.65,2
2947,0.65,2
2253,0.65,2
20,0.649541284,2
21,0.649512195,2
1647,0.649363057,2
1648,0.649333333,2
1646,0.649253731,2
2943,0.649230769,2
2944,0.648969072,2
1643,0.648591549,2
1794,0.648518519,2
2271,0.647798165,2
1847,0.647446809,2
825,0.64515873,2
1821,0.643625,2
2129,0.64255814,2
741,0.642173913,2
135,0.640865385,2
3467,0.630412371,2
950,0.628666667,2
3464,0.6275,2
1727,0.627288136,2
236,0.627,2
1588,0.622894737,2
230,0.6224,2
896,0.621428571,2
1570,0.617692308,2
1161,0.611111111,2
1894,0.61,2
2841,0.602,2
2293,0.602,2
748,0.601363636,2
2111,0.598214286,2
610,0.596868687,2
926,0.596428571,2
941,0.593225806,2
2372,0.592,2
758,0.591176471,2
2377,0.59075,2
119,0.59,2
1985,0.588214286,2
1350,0.5875,2
2707,0.587254902,2
2508,0.585,2
1938,0.584705882,2
602,0.574285714,2
1989,0.572258065,2
3358,0.570634921,2
3278,0.57,2
118,0.57,2
3099,0.568101852,2
285,0.567735849,2
106,0.56562753,2
3101,0.564753363,2
2373,0.564375,2
3191,0.562272727,2
2809,0.560952381,2
1807,0.560308642,2
3100,0.558605898,2
113,0.557833753,2
1185,0.555681818,2
2275,0.555135802,2
2277,0.554079498,2
1131,0.553883495,2
2279,0.552322835,2
3384,0.551818182,2
1547,0.551428571,2
3460,0.551367925,2
2278,0.55049505,2
1713,0.55,2
108,0.55,2
112,0.55,2
115,0.55,2
726,0.548392857,2
2276,0.548333333,2
109,0.546336032,2
445,0.546,2
2758,0.545575221,2
3749,0.543333333,2
468,0.542,2
107,0.541808219,2
2280,0.540523416,2
470,0.538275862,2
345,0.535384615,2
3246,0.535,2
909,0.532608696,2
3867,0.531818182,2
1752,0.531698113,2
1578,0.530990099,2
3545,0.530327869,2
1164,0.53,2
240,0.53,2
462,0.529558824,2
210,0.526666667,2
2756,0.525921053,2
598,0.525172414,2
3391,0.522307692,2
756,0.522075472,2
2098,0.521428571,2
248,0.521153846,2
1707,0.52,2
2526,0.518554217,2
895,0.517058824,2
2370,0.514444444,2
3387,0.511538462,2
1295,0.5109375,2
2039,0.507777778,2
1186,0.507631579,2
753,0.507272727,2
1187,0.507236842,2
2413,0.505,2
211,0.504956522,2
1448,0.501666667,2
585,0.501612903,2
2568,0.501428571,2
2119,0.500747664,2
1997,0.5,2
374,0.5,2
2376,0.5,2
3140,0.498846154,1
233,0.4975,1
3259,0.495692308,1
3273,0.495072464,1
1449,0.494545455,1
2371,0.494230769,1
337,0.494107143,1
1160,0.493018868,1
3011,0.492718447,1
2932,0.48875,1
2167,0.488723404,1
517,0.488333333,1
2935,0.485882353,1
3256,0.485,1
2003,0.484444444,1
2054,0.478571429,1
757,0.478421053,1
3161,0.4775,1
2807,0.476086957,1
3149,0.476,1
3279,0.474,1
1924,0.471525424,1
2096,0.468823529,1
343,0.468181818,1
1532,0.465555556,1
1593,0.463513514,1
1746,0.461555556,1
1293,0.46125,1
1925,0.460215054,1
2725,0.459647059,1
1047,0.458333333,1
3152,0.457356322,1
3647,0.456956522,1
2565,0.455714286,1
2055,0.454411765,1
1452,0.454285714,1
3155,0.451818182,1
1074,0.450666667,1
2601,0.450540541,1
1110,0.4504,1
2048,0.448780488,1
1631,0.44804878,1
1926,0.447435897,1
3266,0.44352459,1
2139,0.443333333,1
2951,0.437653631,1
2673,0.436976744,1
2579,0.436428571,1
617,0.436333333,1
2255,0.434861111,1
611,0.431446809,1
852,0.430945946,1
2948,0.430294118,1
2391,0.429852941,1
2578,0.429107981,1
3485,0.428817204,1
1171,0.428493151,1
3484,0.427420382,1
2051,0.426666667,1
525,0.426390977,1
549,0.426283784,1
2949,0.425842105,1
3778,0.424853801,1
251,0.42475,1
3430,0.424652406,1
3325,0.424516129,1
3574,0.423965517,1
622,0.423636364,1
615,0.423493976,1
256,0.423275862,1
1536,0.422857143,1
612,0.422434783,1
2848,0.420918919,1
1693,0.420714286,1
618,0.420581395,1
573,0.420510204,1
3490,0.42,1
1155,0.42,1
1975,0.42,1
3847,0.42,1
3841,0.42,1
226,0.42,1
2952,0.42,1
3352,0.42,1
3814,0.42,1
3492,0.42,1
1128,0.42,1
3835,0.42,1
1405,0.42,1
3832,0.42,1
3827,0.42,1
3818,0.42,1
503,0.42,1
735,0.42,1
2491,0.42,1
3821,0.42,1
560,0.42,1
1183,0.42,1
1362,0.42,1
2485,0.42,1
208,0.42,1
1067,0.42,1
1112,0.42,1
3820,0.42,1
252,0.42,1
204,0.42,1
3816,0.42,1
3812,0.42,1
1787,0.42,1
3813,0.42,1
3174,0.42,1
224,0.42,1
3077,0.42,1
2012,0.42,1
3573,0.42,1
1640,0.42,1
951,0.42,1
3833,0.42,1
3848,0.42,1
3836,0.42,1
416,0.42,1
488,0.42,1
3705,0.42,1
3572,0.42,1
114,0.42,1
1819,0.42,1
3839,0.42,1
1596,0.42,1
3840,0.42,1
373,0.42,1
3845,0.42,1
3448,0.42,1
2806,0.42,1
439,0.42,1
520,0.42,1
2847,0.42,1
259,0.42,1
1682,0.42,1
1920,0.42,1
522,0.42,1
3336,0.42,1
521,0.42,1
3823,0.42,1
772,0.42,1
116,0.42,1
767,0.42,1
3828,0.42,1
519,0.42,1
518,0.42,1
770,0.42,1
3853,0.42,1
1552,0.42,1
3489,0.419558824,1
3491,0.419548872,1
3831,0.41954023,1
3483,0.419527559,1
3487,0.419527559,1
614,0.419527559,1
1974,0.419487179,1
3488,0.419423077,1
3482,0.419340659,1
164,0.419294118,1
3829,0.419279279,1
2060,0.419277108,1
1130,0.419277108,1
2062,0.41915493,1
3494,0.419130435,1
3486,0.419130435,1
616,0.419117647,1
166,0.419090909,1
2273,0.4190625,1
3834,0.419,1
3826,0.418918919,1
3815,0.418909091,1
3830,0.418857143,1
2063,0.418823529,1
1179,0.418723404,1
1395,0.418714286,1
623,0.418666667,1
1977,0.418666667,1
3844,0.418644068,1
3329,0.418503401,1
1594,0.418461538,1
3849,0.418444444,1
3846,0.4184,1
1980,0.418333333,1
3429,0.418297872,1
3842,0.418294574,1
613,0.418285714,1
2762,0.418181818,1
278,0.418153846,1
627,0.418125,1
3493,0.418125,1
3843,0.418,1
1180,0.417964072,1
330,0.417931034,1
626,0.417882353,1
625,0.417804878,1
3825,0.4178,1
2059,0.417777778,1
3851,0.417777778,1
3838,0.417692308,1
515,0.417692308,1
3393,0.4176,1
2525,0.417575758,1
2536,0.417534247,1
3239,0.417333333,1
2041,0.417333333,1
624,0.417230769,1
2061,0.417073171,1
3850,0.417037037,1
275,0.417,1
3817,0.416860465,1
117,0.416666667,1
3837,0.416619718,1
3852,0.416521739,1
1113,0.416511628,1
1976,0.416470588,1
2265,0.416470588,1
2301,0.416470588,1
3604,0.416363636,1
329,0.416363636,1
218,0.416,1
988,0.415862069,1
3241,0.415833333,1
3471,0.415789474,1
2773,0.415666667,1
1270,0.4156,1
479,0.415510204,1
234,0.4155,1
277,0.415384615,1
1973,0.414929577,1
1638,0.414444444,1
2845,0.414193548,1
2046,0.414102564,1
1979,0.413823529,1
2053,0.413777778,1
3410,0.4132,1
2290,0.411666667,1
1978,0.411346154,1
2133,0.410909091,1
2047,0.410212766,1
206,0.41,1
2289,0.41,1
2050,0.407894737,1
1972,0.407454545,1
3409,0.404285714,1
2049,0.403230769,1
3136,0.403125,1
3255,0.402857143,1
2052,0.400980392,1
1290,0.400869565,1
3786,0.398557214,1
213,0.397941176,1
2256,0.39,1
466,0.39,1
2243,0.39,1
2257,0.39,1
2246,0.39,1
2258,0.39,1
1461,0.39,1
1601,0.39,1
3513,0.39,1
316,0.39,1
3862,0.39,1
2915,0.39,1
1457,0.39,1
908,0.39,1
2205,0.39,1
2242,0.39,1
3512,0.39,1
2237,0.389320388,1
2249,0.387307692,1
643,0.384,1
3785,0.38255814,1
128,0.38,1
2572,0.38,1
2429,0.38,1
1292,0.38,1
126,0.38,1
1916,0.38,1
2537,0.38,1
893,0.38,1
127,0.38,1
125,0.38,1
429,0.38,1
129,0.38,1
1289,0.38,1
892,0.38,1
2553,0.38,1
244,0.379275362,1
2045,0.373809524,1
1339,0.365625,1
3445,0.3625,1
642,0.36,1
2238,0.358735632,1
22,0.358292683,1
2058,0.353703704,1
3305,0.352857143,1
2247,0.352477876,1
3292,0.35,1
3304,0.343333333,1
2252,0.34023622,1
2240,0.335833333,1
2244,0.33554717,1
2259,0.334736842,1
2254,0.334313725,1
2250,0.331322751,1
2248,0.330943396,1
1338,0.3282,1
2245,0.327216117,1
1340,0.326923077,1
2251,0.324354839,1
932,0.318717949,1
3195,0.315945946,1
3351,0.310235294,1
2142,0.2985,1
603,0.296,1
3805,0.293856749,1
1909,0.29,1
1264,0.29,1
1896,0.29,1
1902,0.29,1
2810,0.29,1
3866,0.29,1
3306,0.29,1
1893,0.29,1
1178,0.29,1
1906,0.29,1
1911,0.29,1
1251,0.29,1
771,0.288222222,1
1879,0.283333333,1
782,0.281111111,1
2394,0.278780488,1
1744,0.274,1
3156,0.273333333,1
2203,0.271538462,1
2209,0.267777778,1
1745,0.266515152,1
238,0.265102041,1
3378,0.263333333,1
2928,0.258333333,1
736,0.257083333,1
3261,0.257083333,1
250,0.256976744,1
3824,0.253888889,1
734,0.245357143,1
2375,0.243454545,1
3151,0.241794872,1
3443,0.24,1
2393,0.229117647,1
1608,0.228655462,1
2689,0.216166667,1
972,0.213267327,1
938,0.212758621,1
2392,0.212727273,1
1048,0.21,1
1456,0.21,1
3480,0.21,1
1941,0.21,1
3730,0.21,1
1172,0.21,1
534,0.21,1
1921,0.21,1
168,0.21,1
1301,0.21,1
985,0.21,1
1809,0.209074074,1
216,0.207857143,1
3249,0.2068,1
3759,0.205,1
231,0.204736842,1
232,0.201111111,1
1407,0.200588235,1
1219,0.19,1
2396,0.19,1
884,0.19,1
641,0.19,1
42,0.19,1
2456,0.19,1
662,0.19,1
1598,0.19,1
2881,0.19,1
1597,0.19,1
1471,0.19,1
1531,0.19,1
1517,0.19,1
2882,0.19,1
2888,0.19,1
3157,0.19,1
222,0.19,1
1530,0.19,1
1529,0.19,1
360,0.19,1
2804,0.189,1
2803,0.188888889,1
1595,0.182142857,1
1163,0.165,1
2728,0.154285714,1
481,0.140454545,1
3260,0.138571429,1
2343,0.136865672,1
1694,0.135789474,1
2610,0.135789474,1
3446,0.13,1
2692,0.127692308,1
425,0.12,1
3758,0.12,1
2609,0.12,1
2044,0.12,1
1277,0.12,1
976,0.118625954,1
3819,0.1,1
493,0.1,1
1913,0.098125,1
2411,0.09625,1
2618,0.093571429,1
1680,0.09,1
636,0.075135135,1
2611,0.045217391,1
2285,0.00075,1
